train_loss,test_loss,train_acc,test_acc,step_time,gap,sat_ratio
2.330940829213623,1.766660873889923,23.43,32.41,0.012818593808147304,-0.5642799553237001,
1.6562791577995282,1.5170158350467682,38.546,44.5,0.012111140029204775,-0.13926332275276,
1.4636223697296493,1.4637551033496856,46.096,48.07,0.011967339479100064,0.00013273362003629607,
1.2916251802078598,1.3066125464439393,53.064,54.12,0.01237660905589228,0.014987366236079547,
1.1258725905052536,1.1727969878911972,59.844,58.55,0.011888033898590167,0.04692439738594367,
0.9612247943878174,0.8625111067295075,66.068,69.68,0.01200271079607327,-0.0987136876583099,
0.8112606479383796,0.8607377475500106,71.73,70.03,0.01163912002387864,0.04947709961163105,
0.6989592316053103,0.8504952383041382,75.634,71.47,0.012026269722472676,0.15153600669882794,
0.6335953658499072,0.7188329511880874,77.93,75.63,0.01200878955519108,0.08523758533818027,
0.5865564988092389,0.7309475648403168,79.672,75.64,0.011275921331342224,0.14439106603107787,
0.5532678816172169,0.6615571537613869,80.918,77.72,0.011797743380222174,0.10828927214417006,
0.5285714087278947,0.5694888719916343,81.812,80.38,0.011771247210100179,0.040917463263739684,
0.5067922115478369,0.553028439283371,82.596,81.36,0.012055160444410866,0.04623622773553404,
0.49304355052121157,0.6671946400403976,82.914,77.3,0.011824765778563517,0.17415108951918606,
0.4699047830556055,0.5883316099643707,83.814,79.77,0.011757764669940295,0.11842682690876521,
0.4568317188021472,0.5573374456167222,84.388,81.29,0.0117174079046225,0.10050572681457498,
0.4405292059911791,0.5570985588431359,84.99,81.34,0.011847750305214805,0.11656935285195674,
0.43206183539936915,0.6076072564721108,85.306,80.78,0.011760545203752835,0.17554542107274163,
0.42495234710786045,0.6680548810958862,85.542,77.58,0.012028952693695303,0.24310253398802573,
0.40908300270662284,0.6516713067889214,86.134,78.82,0.012121307880372342,0.24258830408229853,
0.4045749383280649,0.5687377390265465,86.234,81.6,0.01165393734222178,0.16416280069848155,
0.3949945239383546,0.6414306560158729,86.394,79.03,0.011703044252322457,0.2464361320775183,
0.3849595128499029,0.6122159132361412,86.9,80.47,0.011492480402407438,0.22725640038623834,
0.38074660106845526,0.46732446387410165,86.95,84.22,0.01161143907805538,0.08657786280564639,
0.36982734874843637,0.6543105360865593,87.378,79.0,0.011497518290644106,0.28448318733812294,
0.3654589849664732,0.44151607260107995,87.396,85.62,0.011463301261062818,0.07605708763460672,
0.35625307277187973,0.4552786348760128,87.896,84.7,0.012028739275529866,0.09902556210413305,
0.3504858851966346,0.6058876305818558,87.938,80.94,0.011785754767220344,0.2554017453852212,
0.3453383812361666,0.4106710594892502,88.194,86.68,0.011704405860217941,0.06533267825308359,
0.33372984689367396,0.45832117930054667,88.74,84.72,0.011840069080557665,0.1245913324068727,
0.33101982949182507,0.5100303983688355,88.682,82.83,0.01191628558556442,0.1790105688770104,
0.32406687805109924,0.4557011905312538,88.886,85.14,0.011909820234684078,0.13163431248015456,
0.32119325550315936,0.5499100869894028,89.018,81.63,0.011869917135409382,0.22871683148624344,
0.3143945836731235,0.5015221047401428,89.35,83.61,0.011436567891894095,0.1871275210670193,
0.30703269459707355,0.3977555838227272,89.454,86.71,0.011941141484643493,0.09072288922565364,
0.30071017149921575,0.5095595061779022,89.68,83.82,0.011456067604786905,0.2088493346786865,
0.28994606705882664,0.38836549773812296,90.016,86.79,0.011818920559895313,0.09841943067929632,
0.2869630680059838,0.40105583786964416,90.048,86.4,0.012051380503817898,0.11409276986366035,
0.28601526036439345,0.46082392171025277,90.19,85.51,0.011692906279698052,0.17480866134585932,
0.27313412977454,0.4365772238373756,90.606,85.88,0.012125033551774671,0.16344309406283564,
0.27416223493378483,0.36162944734096525,90.792,87.97,0.011950114194084616,0.08746721240718042,
0.26128268819254685,0.3868447820842266,91.17,87.06,0.011978892109278218,0.12556209389167977,
0.2664381614731401,0.38960838198661807,90.81,86.97,0.011675349891643086,0.12317022051347798,
0.25560653003890194,0.3808163626492023,91.19,87.68,0.01157506713476937,0.1252098326103004,
0.2473519986014232,0.35918140470981597,91.484,87.81,0.011738510692820829,0.11182940610839276,
0.24879575587447036,0.44529132544994354,91.526,85.71,0.011588689921152256,0.19649556957547318,
0.23554953359200825,0.41366875290870664,91.898,86.73,0.011352040883525254,0.17811921931669839,
0.23511933659196205,0.37219290614128114,91.884,88.08,0.011733131945285651,0.1370735695493191,
0.22950145828983057,0.33121391385793686,92.176,89.45,0.011608268293883185,0.10171245556810629,
0.22441330554006655,0.42960842490196227,92.226,86.49,0.011956756986925363,0.20519511936189572,
0.2163146264336603,0.3627633336186409,92.532,88.02,0.011759802508537117,0.14644870718498057,
0.21231115245453233,0.4385132195055485,92.626,86.38,0.011498767091795002,0.22620206705101617,
0.2008016975334538,0.3473217582702637,93.184,88.7,0.01183171040566681,0.14652006073680987,
0.1913212843601356,0.4068214201927185,93.472,87.5,0.011916617298370126,0.2155001358325829,
0.19635495213825074,0.39314880296587945,93.224,87.78,0.0117652184518097,0.1967938508276287,
0.18939798809302127,0.33631701916456225,93.654,88.8,0.012018460446916273,0.14691903107154097,
0.17455186901609307,0.3405982911586761,94.036,89.1,0.012076256525181139,0.16604642214258306,
0.1706931483372093,0.3575189146399498,94.148,88.81,0.011807220366299914,0.18682576630274048,
0.17067055763376643,0.30679969683289526,94.082,89.94,0.011583719716962341,0.13612913919912883,
0.15982250592021077,0.37303801625967026,94.554,88.28,0.011785473665008154,0.21321551033945949,
0.15034359848827047,0.3602091307193041,94.938,88.71,0.01187236900524715,0.20986553223103363,
0.14682150846513944,0.3198473759740591,94.86,89.85,0.011620038610590083,0.17302586750891966,
0.13918699256485076,0.3636405809223652,95.202,88.41,0.011707935186908068,0.22445358835751442,
0.13105694915327576,0.30872158266603944,95.548,90.1,0.011548529500546663,0.17766463351276368,
0.12578293567289933,0.30682489335536955,95.642,90.16,0.011577400100200683,0.18104195768247022,
0.11682297247926444,0.35127105563879013,95.95,88.7,0.011559977860706847,0.2344480831595257,
0.11167659019322498,0.30484616965055467,96.164,90.49,0.011805079477217496,0.19316957945732968,
0.0995352546329541,0.30070995703339576,96.668,90.69,0.011975517663199578,0.20117470240044166,
0.09747663543314275,0.29476489663124084,96.648,91.03,0.011889080867133178,0.19728826119809809,
0.0885234607283569,0.2862041185796261,97.036,91.6,0.011986114179996578,0.19768065785126918,
0.08371874156986814,0.27102708220481875,97.148,91.69,0.01176077264654057,0.1873083406349506,
0.07149808478953741,0.28900901556015013,97.64,91.72,0.012003441905731436,0.21751093077061273,
0.07160829070507718,0.27407266430556776,97.6,91.88,0.012012071926575487,0.20246437360049058,
0.05692160012714965,0.2682652798295021,98.092,92.36,0.011780731513372163,0.21134367970235246,
0.05367571452532507,0.2744184947013855,98.238,92.23,0.01170371987325761,0.22074278017606044,
0.04443967458494293,0.2657938929647207,98.552,92.35,0.011961918657697985,0.22135421837977778,
0.044957109580478626,0.2646661204844713,98.47,92.55,0.011754933525534236,0.21970901090399267,
0.03520638125655634,0.2606155536323786,98.822,92.97,0.011832907376691813,0.22540917237582225,
0.02874960033925693,0.24464302051812412,99.088,93.27,0.011928585179321601,0.21589342017886717,
0.026107185289187505,0.23169319411739708,99.198,93.78,0.01192523939225375,0.20558600882820957,
0.018799507721324864,0.23680915351957083,99.444,93.61,0.012111341252046473,0.21800964579824597,
0.015853622334275654,0.22538468770682812,99.554,93.83,0.01185817547771327,0.20953106537255248,
0.012807338063240699,0.21826918881386517,99.674,94.26,0.011419013333137688,0.20546185075062448,
0.010141688709259224,0.2238051266595721,99.778,94.14,0.011681714021336392,0.2136634379503129,
0.0076563979473436615,0.21482550002634526,99.824,94.39,0.011844558179226068,0.2071691020790016,
0.007059091236740065,0.21425439789891243,99.846,94.43,0.012135498968841474,0.20719530666217237,
0.006159657953054551,0.21007557241246105,99.866,94.56,0.01214132406522551,0.2039159144594065,
0.004570400740866743,0.20841149777173995,99.938,94.57,0.011655769689613595,0.20384109703087322,
0.004422512998574597,0.20909064464271068,99.934,94.43,0.011706313208850754,0.20466813164413608,
0.003644978867538864,0.20452301885932683,99.956,94.66,0.011548162421302112,0.20087803999178797,
0.003436612145578646,0.20203454606235027,99.962,94.62,0.0119912057276577,0.19859793391677164,
0.003121876176428812,0.20163986198604106,99.966,94.58,0.011956685034515302,0.19851798580961225,
0.002898246096476884,0.2026772341132164,99.97,94.65,0.011872996454653532,0.19977898801673952,
0.0027585639728499992,0.20072355542331935,99.978,94.69,0.011402527084740837,0.19796499145046936,
0.0026478238885833992,0.20170451585203408,99.988,94.7,0.011557263181642498,0.1990566919634507,
0.002726276154311903,0.19831666361540556,99.97,94.75,0.011814832077611742,0.19559038746109367,
0.0025846367238013222,0.20097483858466147,99.976,94.73,0.011810871036461248,0.19839020186086015,
0.002717906428153253,0.19913229636847973,99.974,94.75,0.011670484567237327,0.19641438994032648,
0.0028076966713263614,0.19980753913521768,99.978,94.65,0.01183029818717781,0.19699984246389132,
0.0028376376418315845,0.2006389387138188,99.974,94.68,0.011381573079492125,0.1978013010719872,
